epoch,loss,accuracy
0,4.864705897053928,0.324822695035461
10,4.460697685446299,0.35427748226950356
20,4.217780421022546,0.3756870567375887
30,4.050157210526737,0.394425975177305
40,3.9301822503830524,0.4095656028368794
