epoch,loss,accuracy
0,7.875195658484171,0.3444767441860465
10,6.801772638808849,0.40406976744186046
