epoch,loss,accuracy
0,3.4819588557822363,0.26598214285714283
10,3.4229766572032654,0.29413392857142856
20,3.3491939478942325,0.32311904761904764
30,3.290317236627851,0.34345089285714286
40,3.241498911326272,0.3600357142857143
