epoch,loss,accuracy
0,4.690911300604542,0.3759765625
10,4.271979942296942,0.41396484375
20,3.9853705271043713,0.4444986979166667
30,3.7784126778909317,0.4690755208333333
40,3.6251896486803887,0.4884114583333333
