epoch,loss,accuracy
0,2.8396477429832974,0.3605141843971631
10,2.6632576248282236,0.39889627659574467
20,2.571493634612566,0.42481087470449175
30,2.5096377217368033,0.44411790780141847
40,2.4614271477579224,0.46002659574468086
50,2.4220874105989227,0.473535756501182
60,2.3868666658382165,0.4859029888551165
70,2.3556069601142235,0.4970190602836879
80,2.3256863899710987,0.5077344365642238
90,2.2982613064498767,0.5175921985815602
