epoch,loss,accuracy
0,6.245822083950043,0.471484375
