epoch,loss,accuracy
0,5.397384851319449,0.2687946428571429
10,5.045808943935803,0.2947544642857143
20,4.792026208185014,0.31504464285714284
30,4.599904080161027,0.33200892857142855
40,4.453689079454967,0.34567857142857145
