epoch,loss,accuracy
0,3.1072234879300753,0.346624513618677
10,2.8542858938113262,0.4059338521400778
20,2.6387028140455833,0.45229571984435796
30,2.4664734763678178,0.48797422178988326
40,2.3190001535960674,0.5179124513618677
