epoch,loss,accuracy
0,2.0144187537084024,0.4083984375
10,1.8867673515776793,0.41455729166666666
20,1.8024535819908811,0.42831597222222223
30,1.7342841364257038,0.44688802083333334
40,1.6666235798460742,0.46933854166666666
