epoch,loss,accuracy
0,4.6943343866801435,0.36227836879432623
10,4.329791298994781,0.3905474290780142
20,4.1115424883844724,0.408806146572104
30,3.967594081417043,0.4218472960992908
40,3.861574511358924,0.43324024822695034
