epoch,loss,accuracy
0,7.016828648249308,0.4234375
