epoch,loss,accuracy
0,3.3571147219170916,0.3158244680851064
10,3.204478071934365,0.35825797872340426
20,3.0937372966339685,0.39095744680851063
30,3.0044251268985844,0.4157801418439716
40,2.9309882730862773,0.43551063829787234
