epoch,loss,accuracy
0,2.3651388937916074,0.2637857142857143
10,2.1861102591284682,0.3088214285714286
20,2.0965099003712337,0.3356369047619048
30,2.0398114120640924,0.35453125
40,1.9977382817983627,0.3702464285714286
