epoch,loss,accuracy
0,6.062362007300059,0.48463541666666665
