epoch,loss,accuracy
0,2.1268420290481957,0.3237322695035461
10,1.982473834097808,0.36066932624113474
20,1.9002797313460784,0.3889302600472813
30,1.83686934489202,0.4144747340425532
40,1.7873918630468084,0.435209219858156
