epoch,loss,accuracy
0,5.094735877513886,0.32808035714285716
10,4.782483573811395,0.35238839285714285
20,4.570324314832687,0.3682440476190476
30,4.412186205259391,0.380390625
40,4.2953349775927405,0.388875
