epoch,loss,accuracy
0,3.118829978778958,0.4076953125
10,2.990917896634589,0.4328125
20,2.879821567353275,0.45700086805555556
30,2.7715034164721146,0.47881510416666667
40,2.668739827779432,0.49947395833333336
