epoch,loss,accuracy
0,6.335363435745239,0.47899305555555555
