epoch,loss,accuracy
0,3.5469663136346,0.22892857142857143
10,3.479558882991989,0.2673376623376623
20,3.4181702113638117,0.2971003401360544
