epoch,loss,accuracy
0,1.9933993542194366,0.34992217898832684
10,1.784044236547752,0.40025291828793774
20,1.6354144751476716,0.4462029831387808
30,1.5219606164196353,0.48330982490272373
40,1.4304850625075718,0.5137315175097277
