epoch,loss,accuracy
0,7.977163729776863,0.3365935114503817
10,7.00442228608459,0.38406488549618323
